RMSE,C,epsilon
0.13515606265161945,0.952750047242729,0.0286314954339671
0.14895803614489822,0.028343433061513094,5.471950647292802e-05
0.15304228319553065,0.7393819919175866,3.7157833985816865e-05
0.15325785277201284,1.754867149648152,0.0001807316416436249
0.15443644058770975,8.510007247122246,0.0005217464568628755
0.15672958606499593,0.17916503273639015,2.439730928033672e-05
0.15726627766688198,4.514967772036102,0.022244310928699763
0.15856798111507125,0.5672228971644544,5.7552896660959736e-05
0.159628466730257,0.01592950212572123,0.0001807316416436249
0.16005407381375086,0.11041880508541602,0.0002530468643753362
0.16151564996463363,0.0642403365939419,0.0007946355068927225
0.16228602825508717,0.010162650893929951,0.0006493336458315721
0.16273465957199415,0.3789470919074668,4.782725603463811e-05
0.1627713748292996,0.18546769230846993,0.0008939769786939836
0.16283164548217205,0.0021445260759716677,8.765478827841055e-05
0.16323740529621272,5.244688749495119,0.0001476842335481283
0.16374805034901302,0.016114142772530198,0.014853159234149484
0.16605573102701016,2.8804441533962977,0.0008081208373586221
0.1660656528042676,0.0009353431520292386,6.925623982417484e-05
0.16640465873723426,0.007886728615614156,0.0048101671556118565
0.16711384661296516,0.017467962151272456,0.009917876977270607
0.16843616089650504,0.0012767507043192658,0.031144812715178747
0.16895830941445464,0.03447764054734464,0.005788311439576956
0.1713744461074579,0.0031368698245668766,1.9276367392695334e-05
0.17137933068825734,0.6292146109610344,0.00010908977435063579
0.17161721387713452,0.09615746001432096,0.009589634180164753
0.1723076147659354,0.03292437333007769,0.010971569207618811
0.17412744386041398,0.007531420165974375,0.0006715596336177961
0.17422853014536996,0.01556654359271062,1.4976147887485774e-05
0.1743004765021072,0.048159579101923505,0.007326028889436093
0.17481584673891234,0.006409244019356457,1.265659072755686e-05
0.17485924006443687,0.029680586086656024,0.12171977158488101
0.1748691941846195,0.001589282865622978,6.366741493787178e-05
0.17543195420990448,0.005646141419303673,7.79143185733333e-05
0.17617222988488776,3.2322839781813806,0.004974813970291248
0.17671410016169428,0.051016153147498335,0.009429609367057222
0.17757271362867103,0.5871766390733255,0.014361577966903573
0.17840780843581983,3.9318287557057703,9.06551167939381e-05
0.17877117284045904,0.0036438589837635444,6.053300052524886e-05
0.17933536031661013,0.02029118018046678,0.07347015882469841
0.17962316748523394,0.1596626022101425,6.58466816305401e-05
0.18012791326390298,0.2179406984302956,0.00037896672633495903
0.18053015750608142,5.88531577519145,6.156027341841157e-05
0.18095190368962516,1.1325413151528128,0.003378197712909914
0.18201950818978177,0.01236209543736769,0.0018432527204080458
0.18204957126540378,0.12390621569479157,0.06421615112250399
0.182360685017448,0.0004223044187206672,1.1062417120884857e-05
0.1824679093326496,2.9476062551248585,0.0003985897213727379
0.18252646138386502,0.0016077044216738236,1.8327371366429178e-05
0.183405182965373,0.10666649582795387,0.0414598260218713
0.18383340500009343,0.005329994080844093,0.004891797907229407
0.1839829410974521,0.02124845352498883,0.17042287809663542
0.1844085294110929,0.07208715033782136,0.0005306007344897603
0.1845828673388476,0.2840883690183304,2.52324027666554e-05
0.18462171211114575,0.10790287915161836,2.886857288065139e-05
0.18466748583923037,0.09615746001432096,0.11769132493448699
0.18550476389359538,0.004641588833612782,0.008815771979549891
0.18590389038404564,0.003859993617679767,0.0002799309964851947
0.18648429439636666,0.03652267364308175,3.5328514380165426e-05
0.1871346469398237,0.6220048825634712,0.004134139466227978
0.18753924661763272,0.0022717281330269052,0.0004192288001653537
0.18800925161173138,0.0019332422875550453,0.012343181504829426
0.18823579406063043,5.751217071841614,0.0006173662612584497
0.18827261025932285,7.242022334607316,0.00012692848267001342
0.1886533443415685,0.5804485942768978,5.2908505600252524e-05
0.18866323130043497,0.03254711605531848,0.0006715596336177961
0.18866646362388984,0.007531420165974375,0.14895709318797065
0.18877011917996372,0.0070282442643083524,0.000988954623478124
0.1887913824254871,0.22302232979659387,0.023005709612085545
0.1891800279240055,0.005391774640387505,0.0854842338491786
0.18927365348301095,3.585539857459817,0.0002994224388640811
0.18935345621206653,0.04391800892596086,0.0006603531368066316
0.1898157576396277,0.0008932045998580969,0.02379317014818143
0.190098817714697,0.0005698437059469137,0.03623771196256346
0.19038129288172828,0.010642092440647247,0.031144812715178747
0.19040577049286594,0.5354620899273608,2.0274502678480143e-05
0.1904641985120387,0.3187891292677646,0.00012908251746897884
0.19132083920366083,0.03217418150676372,4.4713854752236096e-05
0.19138661243495575,0.11562801312073753,2.1324321667341988e-05
0.19151766885609253,0.01726780903884356,6.474788028695254e-05
0.19164319966652857,0.0034004119327037063,0.007203777468596996
0.19174225669196496,3.842240846055061,3.908187623345689e-05
0.1918815906948332,5.429186177618943,0.0021446672923419096
0.19195937004595054,0.015388177500383463,0.000360309792170317
0.192151669983692,1.1195643194838794,0.09617105759757544
0.19242711945513633,0.027066520700332414,3.7157833985816865e-05
0.19249236469689682,0.001432702953409831,0.001782248290719484
0.19257915251196808,3.0866649433372744,1.2237707255644639e-05
0.192651907999804,8.911482322840202,0.00011473847106197412
0.19266795438433706,0.033692057059802674,0.0001933158871304393
0.19313184465144811,0.1730765534195726,1.601892888448783e-05
0.1932118328299089,0.029004304938639917,0.040767974718060006
0.1932214388469954,1.0447659715608053,0.002412783181321474
0.1934096086387243,0.01706994934038408,1.4480496178584236e-05
0.1936901496032677,0.006789406812696112,0.0005044786971625667
0.19424826358770617,0.06350425168595962,0.05159835707978703
0.19426476546258117,0.005517492376129128,0.013654542240521435
0.19449816020639826,0.007192118872221193,0.00034838495238074694
0.19508563918601077,0.0058447611316336376,7.407851397337802e-05
0.19521468808537099,0.1730765534195726,8.058124135501832e-05
0.1957620944970841,0.04005000757873611,0.00143205536460682
0.1959165574587044,4.5673012701687465,5.380638730360886e-05
0.1959312758425461,0.952750047242729,0.013426685209788415
0.19643043093582246,0.09077326525210223,0.0001579674060606998
0.1964823198862738,0.004483855948021191,0.1540557332401544
0.1975867856201261,0.020764301072557747,0.006511938023921463
0.1978204976741214,0.0010495932305582276,4.110554588596977e-05
0.19783090949773668,0.004281851798652416,1.1635231938608705e-05
0.19788636265803244,1.056875971184805,0.0001002864716117077
0.19820720273451578,0.07126115430111746,0.0400876685236356
0.19860771377465777,0.0017030650292528444,0.06003588522744752
0.1990180195467915,0.0046953900106800625,0.007083566090204179
0.19903219581084483,1.2708787092020595,0.02768390532288718
0.19908604985641795,0.07376797602527731,5.380638730360886e-05
0.1992271003887071,0.002245697995539774,0.013886266109989661
0.19927614511006722,6.75818116816111,0.25522782257861726
0.19932752307189736,0.006335804992658254,1.087781558144881e-05
0.19935501247361886,2.3408272761782944,9.69673830578626e-05
0.1994558838879231,3.754694224073337,0.07991948384348223
0.19953221832713378,0.11562801312073753,0.00019659654675318434
0.19957879017354188,0.011805165285688056,0.14647140598128372
0.19972624108797704,0.16913295170296488,3.473897792811324e-05
0.1997630985301076,0.02934049709215787,0.17331503281429927
0.19988965428177236,2.1346630333242453,0.00036642441525897826
0.20014076103442888,2.0151357338155584,0.1369365862774918
0.2002430523455093,4.951020159556351,0.004891797907229407
0.2004153698283762,0.010765446128423159,2.205423011420965e-05
0.20046484737501813,0.23354381399064794,5.2025607091152805e-05
0.20055101221136473,1.754867149648152,0.04664293211505643
0.20085148461878113,0.003065395295056527,0.038114110054023674
0.20100045995239096,0.435149650092505,0.0008643898498450111
0.2011362498061723,0.008850074914473439,0.007836136279319419
0.2013718876091056,0.44019351852088745,0.012343181504829426
0.201536381525947,0.0036438589837635444,0.012137207504533542
0.20166118147596648,0.27128978003724674,0.0015841993783481491
0.20166298895345544,3.669142378402494,0.11769132493448699
0.2017208479867198,0.00023193450592744275,6.696413013890464e-05
0.20203826155235297,0.05791122647641758,1.5751616695851353e-05
0.20219163985631178,0.011942000281335324,0.04989065400051407
0.20245588452411156,9.224970052592175,0.0010228054696858621
0.20295206253425255,2.2353696459097967,0.001971597400492301
0.20316362195407206,1.8376562003881725,0.0029526934244355186
0.20361861213631918,0.007109709432312438,0.01643118430110844
0.20374653981684626,0.38778284145894576,0.00012908251746897884
0.2038045445662246,3.6271002523306484,0.22308034564730483
0.204265005506124,0.774263682681127,3.5928055537278815e-05
0.20453540401903844,0.000823978568452852,4.624436159718086e-05
0.20464494185041465,3.798215306190736,2.6989321188632045e-05
0.20474685356433803,0.016489869444710648,0.0012729209674003448
0.20487897397278704,0.40607720257003654,0.003053760924031851
0.2048967660474088,0.0004321511127789762,0.010788483671824651
0.20498207707661628,0.0055814462494549666,0.004974813970291248
0.20524558478009913,0.23354381399064794,0.04360662652903579
0.20530330907710975,0.0004738879609717651,1.4001248595655753e-05
0.2054690749695335,0.0005831305113526219,0.020449244392997036
0.205573061613277,0.003065395295056527,0.0011314700739187558
0.20571490939424328,0.03652267364308175,4.110554588596977e-05
0.20588406969351003,0.22560740664968615,0.08693494066139765
0.20597152728658955,7.496781874966877,0.08991062957223767
0.20606386190470277,0.18546769230846993,0.01848533116184047
0.2062852696448397,3.4636941773717345,0.0009562241074044551
0.20642229488323363,0.00390473523688556,0.00010547933103191321
0.20655723939571785,0.007531420165974375,0.0012516793917487711
0.2070189738347102,0.0818300681586739,0.17625626872930192
0.20707301616328352,3.384772855945983,0.001971597400492301
0.20751260610641098,0.7653919388230148,0.011735513578558013
0.20772727533724825,0.6513490946272803,0.006511938023921463
0.20775630017309651,0.5054796821191241,0.00012692848267001342
0.2080680295009897,0.0015352750287804227,0.003674741171870616
0.20860706457754113,4.782772017727486,0.0008499655431848472
0.20861669603877803,0.05594325706169378,0.00032027105972902187
0.20877318897802083,5.555776222398878,5.952287001204042e-05
0.20878889100362277,0.00404209583979631,0.0001807316416436249
0.20881858630022299,0.003859993617679767,0.0007305101846439701
0.2089941258133341,9.224970052592175,0.20507825672991722
0.20909480802445532,0.4827070965603183,0.00012067965874899389
0.20910152442071167,0.008549327066268384,0.0450992341504868
0.20925020448190726,1.0327947319189525,0.0001661469991749516
0.2094796124916658,4.5673012701687465,0.031144812715178747
0.20965258958007604,3.4636941773717345,0.0020736872234710132
0.2096711630062887,0.1730765534195726,0.06985314492610446
0.20977033788883448,0.010765446128423159,0.008668660813793009
0.21024405757976422,0.7142559285543126,3.3589254120300886e-05
0.21060514396395832,2.5084150592775414,0.009917876977270607
0.2106989695454627,0.4771760948938746,6.474788028695254e-05
0.2108550355138315,0.02555097090352507,0.0005869726649573605
0.21124864355241088,0.0018040819287193828,0.0218731141101148
0.21126015321754266,0.09839952296278226,1.034228917489343e-05
0.21143743177586014,4.5673012701687465,0.00012692848267001342
0.21155273231437546,0.0010023075482838654,0.0001227276481285598
0.2115715744857655,9.440064789417603,5.564812169502384e-05
0.21246916685808487,0.09505565920101192,0.0001633744593687574
0.2128903377217469,0.016874356777273756,0.0001579674060606998
0.2131467319826089,0.04291732378422158,0.0001633744593687574
0.21339294588920218,0.029680586086656024,0.002537717718060883
0.2134061055717816,0.008164167604921472,4.863890659305117e-05
0.2134075396329253,3.384772855945983,4.323400167612964e-05
0.21366189764392624,0.028343433061513094,0.002537717718060883
0.21369432834066684,0.07636298261282241,1.1250151433450512e-05
0.21372598178713137,0.0028937530190509503,0.00023657432345675569
0.2137614651180683,0.0007342870447166766,0.03941871478224263
0.21377213583694946,0.0008829699955494092,0.0034938297636877952
0.21379158920786584,0.004641588833612782,7.533566046719631e-05
0.21390059015811919,0.006789406812696112,0.000988954623478124
0.2139956937233281,1.6188596901781993,0.00039193834714188483
0.21402640301980264,0.8890965989529158,0.0004960603250209942
0.2141538585581264,0.27443433032283654,0.003378197712909914
0.21422231387087706,0.0026694784940343207,4.180312592794538e-05
0.21433406795214957,0.008354528058382871,0.0015577634158617406
0.21541212552355354,0.002024446509976804,0.0001777157239732241
0.21544003195262523,0.000903557834613893,0.0013164916741639473
0.2155561889074864,0.0027954159990678565,0.058048933086485746
0.21557706027937007,0.435149650092505,0.031144812715178747
0.21561119594770353,1.6952323415541215,0.0006945463929060731
0.21565120745802674,1.6952323415541215,3.1935619489043015e-05
0.21566934105612537,3.2322839781813806,0.00033123359140671104
0.21581817647048435,0.001124737178364752,0.0002944258958344697
0.21582094578139407,0.28083319988231725,5.952287001204042e-05
0.2162633231567221,0.3703126675869927,0.0008939769786939836
0.21637150934604432,0.0034398264890229246,6.156027341841157e-05
0.21649801321490098,0.014865248449978571,0.00018379874082566282
0.21650779852457097,0.040983836717572615,0.0570802548768967
0.21651770918274119,0.00937501501514529,0.00013807046265175272
0.21662450285389184,0.12975171686575868,0.0400876685236356
0.21676893263165925,0.09182542835656282,0.006403271557018979
0.21726802019641284,0.0031368698245668766,0.0011900578867872621
0.21735465177675212,0.11169868184678226,0.00012692848267001342
0.21777157238662287,0.2033800305846982,0.0013615537590543137
0.21781216445741608,0.016681005372000592,0.033878752903447606
0.2178346513163559,1.346260579298911,9.69673830578626e-05
0.21793878624635318,0.0010256779307444219,0.0007183199640813767
0.21797230996481193,0.3703126675869927,0.019442506387139482
0.21821849412239488,0.02584713507469564,0.07471698125150816
0.21826546338966885,0.04652299523960189,0.00020332583373068908
0.21845888151318205,0.0006321218475812448,0.008241893441198933
0.2184742607034154,0.0010023075482838654,0.009917876977270607
0.21865512963224226,0.22046687352394098,0.009589634180164753
0.2188806814993404,0.6665363268124913,1.1832687182401026e-05
0.2189466221667599,0.004483855948021191,0.20165606052419507
0.21920537148375713,0.02412028207618007,8.475375885949696e-05
0.21945365418033766,0.5737976414214134,4.110554588596977e-05
0.2195398532055298,0.001783410220710008,0.0021088786505452576
0.2196241082422082,0.0005967271195973311,0.00373710322170287
0.21965197588212218,0.05724766239702178,9.375814330666476e-05
0.219711669699283,0.30795587129142266,0.0055967410519021715
0.21993561858313487,0.02005867779508234,0.015622259658257545
0.21999731153740187,0.18546769230846993,0.019772454673418784
0.22007605284097603,0.002927294835042816,9.861296419991615e-05
0.22018738896848022,0.004232789065573553,0.07103858496149175
0.22034904211286657,0.060643293954080614,0.32303140926630547
0.22051254729134856,0.052205675278469754,0.00018379874082566282
0.22075332071824633,0.0027004207188377725,0.0008081208373586221
0.220767178794337,2.9476062551248585,0.026320997280736873
0.22107884383888954,0.05791122647641758,0.33408842472054806
0.2210921798460584,0.26207066964838527,0.013426685209788415
0.22115380984699917,0.006868103588995308,0.2920079813808964
0.22145411132745974,0.0005898896425508494,1.331195226666604e-05
0.22146604308458312,0.28738126918510665,4.547266945722701e-05
0.22147406710061063,0.001061759183483,0.0002446720064544544
0.22162921647340655,0.002578762887593801,2.061857032494131e-05
0.2219124824216606,0.0018040819287193828,0.00019993288068040626
0.22197161742824853,0.005329994080844093,0.0016384248081562983
0.22202988556083159,1.5107033044866556,0.07991948384348223
0.22207473941651443,0.052205675278469754,0.23463150360251245
0.2221383189629854,0.0008932045998580969,0.0978031247298758
0.2222276225375559,2.8804441533962977,5.8529595819266586e-05
0.22223303120525725,0.03330600343624589,0.04360662652903579
0.22234909909969156,0.001589282865622978,0.00014041358198166947
0.2223770286041192,0.001722805447131394,0.21935774372636732
0.22251975109491404,0.12534242654613995,7.79143185733333e-05
0.22252467775380227,0.10544427935261684,1.087781558144881e-05
0.2227705806044203,0.00263889081445751,0.22686612183702562
0.22302940822666778,0.001368157627967472,0.2509687670358662
0.22305845724787488,0.23898925662310502,0.016156992695097135
0.22349699705204368,0.00027254325312810277,3.5928055537278815e-05
0.22367424470203368,3.585539857459817,0.0007555147574792749
0.22384856850823037,0.0005764488282925873,0.0854842338491786
0.2239420954038119,0.002001249798969037,3.473897792811324e-05
0.22400951869819688,6.162966255132942,1.9276367392695334e-05
0.22413501655868226,0.0005137013543351339,1.7720807314999512e-05
0.22458488448334463,0.11696827039703847,0.00021385409795308158
0.22465021749448066,0.056591701632462424,8.19487421268805e-05
0.2250765844833415,0.011536181017364784,0.31234033762127267
0.22517247948370106,3.7116718194757667,1.8021537575216257e-05
0.22518110753544315,1.0327947319189525,0.0914364543581447
0.22518756472946233,0.12108297502320395,0.004134139466227978
0.2252214841685018,1.0940547072057436,0.06105472184509472
0.22537184170783414,0.10790287915161836,0.07347015882469841
0.22541350520766507,4.463233926710397,0.0008218350200922558
0.2259747559642889,0.0010495932305582276,3.247758165749308e-05
0.22603522095574333,4.1173199311616795,0.006403271557018979
0.2263704497167141,0.19646866461804466,0.0006493336458315721
0.2264641930881599,0.0016451905877536625,0.08405773537297496
0.22662887124165798,0.04871780218794631,6.366741493787178e-05
0.22685785802961153,0.0029612254379880344,0.010086187916561025
0.22703244020193675,0.06650018030431118,0.00143205536460682
0.22719543821962337,2.3408272761782944,0.05159835707978703
0.22733618254809684,0.005454271305329836,0.0003985897213727379
0.2273407355187383,0.023033628731421313,0.003435527283691209
0.22742739937982098,0.03913745601980384,6.474788028695254e-05
0.22749432962027152,4.1173199311616795,0.023005709612085545
0.22760233357723206,0.03780746663599349,0.002412783181321474
0.22766645823219256,0.005268921421350677,0.07727446263781892
0.22786536340455998,0.8994022174092045,0.0005869726649573605
0.22790868697766037,0.11169868184678226,0.037478089615332666
0.22806991870169396,3.0163343472591975,0.24678078350216615
0.22813758676106716,0.018935521797562953,0.14895709318797065
0.228171789238815,0.02124845352498883,0.0004716387487123992
0.22819256306494812,9.772146969725725,0.0023329295289660434
0.2282422407139087,0.00404209583979631,0.007203777468596996
0.22828577134214925,0.0011643031329208768,0.21209786345838388
0.22834531939081132,0.0016451905877536625,0.008524004531753698
0.22842239860196917,4.262158829015325,0.0022557187190524286
0.22848596179827516,0.0007959777002314986,1.034228917489343e-05
0.22871569832137148,3.269749744511768,0.052474004959453695
0.2287730188373643,2.5966559729348724,0.03221086593982768
0.22888309271293705,1.6188596901781993,0.002714417616594907
0.22901063737569713,0.5232614239486661,3.974511366956951e-05
0.2290131002024002,0.33000347911252853,0.021508111553000496
0.22909149973410087,4.361537789208006,0.001906345265686902
0.22945734040749458,0.00048493740673352334,0.08991062957223767
0.22955030263580395,0.000872852662384838,0.0002661496964154605
0.2297016569453243,2.719157943036019,0.000781375209775014
0.23008247067710957,0.03694601205199302,0.013202630490809225
0.23018370208957006,0.001191450698119776,7.79143185733333e-05
0.23034524283338897,0.15072253093107554,0.002293999304428592
0.23037395091688592,0.0014661086840469845,7.923656043752495e-05
0.2305460474972171,6.995920165435375,0.10286739580669138
0.23111538594597314,1.637624074521689,0.029117385095718762
0.2313089285827198,9.885417021919574,0.1416237773904564
0.2317837932330724,3.5444556739704356,0.02379317014818143
0.2318042761541091,0.08277856966198473,1e-05
0.23191528621469973,0.858882855954625,8.914233039879095e-05
0.23196379809864592,0.01236209543736769,0.357350819245114
0.23200401116729275,1.5638467583022477,8.058124135501832e-05
0.2321475831114574,3.4240061379714257,0.007450354973181199
0.23221523302192315,0.049853734638738934,0.02379317014818143
0.2322859064949956,0.00048493740673352334,0.004974813970291248
0.23231348315744677,0.3044272212064303,0.2776321185264935
0.23249281941618344,0.00036776091016010306,0.0032118854539566095
0.2328074354129567,1.4097728716289677,0.00036642441525897826
0.23287364466703325,0.22302232979659387,0.3071282301295015
0.2329806584388492,3.2322839781813806,0.15667012997285734
0.23307307685553286,0.10544427935261684,9.534926217234888e-05
0.23310488488975567,0.004860564232142139,0.00013576644358633121
0.23312295774967237,1.9920457084538712,0.021508111553000496
0.23323631939217848,0.009593608287093146,0.010788483671824651
0.23327136425508527,0.06134621717992506,0.24678078350216615
0.23327675582791296,0.04871780218794631,0.040767974718060006
0.23341435929317517,0.001061759183483,0.14895709318797065
0.2334334947927888,0.003995780301895269,1.9276367392695334e-05
0.2335609371793123,0.001191450698119776,0.0458645889213257
0.23360459927652766,3.195247505759214,0.0001807316416436249
0.23365177912522772,0.7653919388230148,0.01255265097875727
0.23367178989299764,0.24456166834524465,0.007326028889436093
0.23381447714998044,0.0005764488282925873,0.0007683361908132971
0.23383904777444925,3.9774030240580367,0.1258861076032816
0.23385585502754175,0.27128978003724674,0.0045733575211326215
0.23390404304282858,6.528521141127848,1.863839529790943e-05
0.2343611923545003,0.06573820143409585,3.30287411735046e-05
0.23438613376406153,0.005268921421350677,0.0004263433059507287
0.23456513569141718,0.02675638444552045,0.35138760970143773
0.23470876565835058,0.0007175560918936928,0.0021446672923419096
0.23483545542474382,0.06498495354469888,0.023396127097876772
0.2352034404797409,0.17711210643450886,0.050737321372561935
0.23533540106715733,3.7116718194757667,0.009117526311242777
0.23551950093336438,0.0008431909292866259,0.002412783181321474
0.23571500067657442,0.0005898896425508494,7.79143185733333e-05
0.23633266075063314,0.000263281546564802,2.358985411040599e-05
0.23656719982209964,0.018935521797562953,8.765478827841055e-05
0.23658436144061296,3.754694224073337,1.4976147887485774e-05
0.2367816144295818,6.75818116816111,4.624436159718086e-05
0.23680458009695124,0.0006394488428556943,0.01699360595280329
0.23682403940844848,1.9243509752303323,0.0016110839712911913
0.23690389083237587,0.0004525386278170167,0.0010057376388325867
0.23701924592640475,0.01355601785329369,0.0011314700739187558
0.23704579607655107,3.842240846055061,0.0002799309964851947
0.2375175064996065,0.0007093341204987997,0.00010908977435063579
0.2375683385949952,0.0007427982482564918,0.004497040670161712
0.23773945761288387,0.002245697995539774,0.0020050563162602526
0.23787192538626364,0.2776153294436801,0.07224414246015122
0.23795390881826045,0.010642092440647247,0.08405773537297496
0.2379670884483506,0.02052637752709252,0.0010228054696858621
0.23800148545444372,0.0005137013543351339,0.012765675246114232
0.2383843254801171,0.1730765534195726,0.3071282301295015
0.2387538706835836,0.06883952069645496,0.07727446263781892
0.2388301294115097,0.9976977642363202,8.475375885949696e-05
0.23911389132012642,0.010399609139541204,0.00010908977435063579
0.23938689794424378,1.0815187025522892,0.00022492751841805624
0.2394542560806318,0.0005137013543351339,0.001170199069720583
0.23967967044768548,0.44529585099426555,1.863839529790943e-05
0.23994794094395924,0.0016642601764859037,0.000781375209775014
0.24007739610413292,0.0939664831495469,5.564812169502384e-05
0.2400800464197077,0.0009682466119303124,0.10115081981645466
0.24013893437636935,0.0003940901640403448,0.0006070641038746865
0.2403918127574963,0.0014000583824680976,1.1832687182401026e-05
0.2405495291322241,0.001368157627967472,0.0045733575211326215
0.24055838576990518,0.07996554525892346,0.345523909844453
0.24077850259741287,0.0003023294684405776,0.002807329193224956
0.2409651738142824,0.04706224849841281,0.0021088786505452576
0.24103593175146826,0.00404209583979631,0.003002801991505099
0.2411288035982781,0.001867545842761076,8.058124135501832e-05
0.24113357816793468,2.719157943036019,4.396770259297605e-05
0.24115111878900333,0.007109709432312438,0.25522782257861726
0.24125180551739858,0.008549327066268384,0.2729991964519742
0.241457245684926,0.0003353710152002929,1.3767605982423826e-05
0.24161009249959203,0.1560246414366368,0.004134139466227978
0.2416638869678689,0.003210010895543172,0.07991948384348223
0.2417595201038049,0.0015352750287804227,0.00010547933103191321
0.24249972646583373,0.4827070965603183,0.00018379874082566282
0.24250194864574848,0.5113387538414326,0.0015317685974144803
0.2429356974400426,7.760503335133571,1.0517802584610939e-05
0.24310706222286216,0.04928249570040513,0.03941871478224263
0.24314098145110757,0.17109339072690152,4.547266945722701e-05
0.2434034667513904,0.005646141419303673,0.003053760924031851
0.2436698520483432,0.045989920905224385,0.05612774126196663
0.24399028314858673,0.0007959777002314986,9.69673830578626e-05
0.24400670942135005,0.7653919388230148,0.1369365862774918
0.24402138566239348,0.9637934799615786,0.03623771196256346
0.24423743114292007,4.5673012701687465,0.001938696822679889
0.2442953968108684,0.008164167604921472,0.0218731141101148
0.24432066142773623,0.00023734242500238661,0.00010371916897380241
0.24432916290569126,1.0447659715608053,0.031144812715178747
0.2443800425182892,0.5804485942768978,0.00012481039283095542
0.24438529917477592,0.6513490946272803,0.062090848589297566
0.24438905944809478,0.04145888496832911,0.012343181504829426
0.24440444427468075,0.005208548550577665,0.1540557332401544
0.24456322343857906,0.0003552634676578139,1.8954697448727273e-05
0.24477073903522886,0.000751408106111697,9.375814330666476e-05
0.24504828091791991,2.719157943036019,0.00021748330047092687
0.2451956203687095,2.6880010215376076,1.265659072755686e-05
0.24520064659380525,0.005981040962380944,7.533566046719631e-05
0.24529612031423498,0.07996554525892346,0.0003257062070911102
0.2455223773739224,0.01556654359271062,0.08265504126175176
0.2455318626990204,0.01294529978227916,0.09946288879294582
0.24560027339446436,3.9774030240580367,0.00044093657579225
0.24568951587359558,0.0005317723177850966,0.0018432527204080458
0.2459275039535576,0.014195547660501016,0.10115081981645466
0.2459308223891946,0.0642403365939419,0.11189725609290894
0.24598941382876785,0.0034398264890229246,0.001294523022372051
0.24600515052166666,0.17508270317357252,0.007969119120365197
0.24601824138273534,0.3009390034449721,0.007083566090204179
0.24709987577143666,0.014865248449978571,0.009272254931185055
0.24722798153792716,0.00014968392930772556,0.00021385409795308158
0.24726721700118307,0.5804485942768978,2.061857032494131e-05
0.24776882592137808,0.39682461045694817,0.4447369162725586
0.24795872777993072,0.08089243486805939,2.56606082606278e-05
0.24810808076787733,0.0003720236681413066,0.0400876685236356
0.2481828014638403,1.8376562003881725,0.0005130399329558751
0.24820374894620706,0.0318055201533292,0.1237854121582233
0.24833228481370678,1.6566059589499151,0.003321824816145315
0.24833339134681767,0.002245697995539774,6.366741493787178e-05
0.24837898596665706,0.00045778405383766163,0.08693494066139765
0.24871258297339552,0.014526539259467812,0.0009562241074044551
0.24884798420601978,2.3408272761782944,4.547266945722701e-05
0.24907508564591221,0.07376797602527731,3.974511366956951e-05
0.24909271972314978,4.070142453219439,0.11769132493448699
0.24932078285753337,0.0017427746784089192,5.1157441747704366e-05
0.24970471255492033,0.04193943955667186,0.4228420458502167
0.249815650826798,0.24175940791691308,0.003378197712909914
0.25028212706313174,1.1067360180959744,0.3695825509518042
0.2502827330548516,0.000320262069365765,0.024196951201880205
0.2503945781627473,0.011144152514667882,0.00044093657579225
0.2506468541479273,0.30795587129142266,0.014121922440227008
0.25096239016981786,0.0012192312516491107,2.56606082606278e-05
0.25124802124784235,0.25609931002584596,0.02379317014818143
0.25128510135855553,9.660174799522645,0.006511938023921463
0.25134841124094076,2.8148123605075814,0.0005217464568628755
0.25144292672202045,0.0007959777002314986,3.908187623345689e-05
0.2515507237889443,0.02675638444552045,0.031144812715178747
0.2516051483586819,2.719157943036019,0.0021446672923419096
0.25180371566665094,0.0010256779307444219,0.0020736872234710132
0.2519671989736648,0.0012621213145225473,0.357350819245114
0.2520879348398791,0.00028870909173592344,0.005145096467205184
0.2521309049910765,0.0002757023325609583,1.1062417120884857e-05
0.2525843539286682,0.00022148552337263592,0.0007683361908132971
0.2526292273203292,0.00025433457613046484,0.0006070641038746865
0.2527514488674426,0.05724766239702178,0.0005217464568628755
0.25286406029411734,6.836516004510239,2.6096080599013123e-05
0.2528710381767007,0.018504070195423022,5.2025607091152805e-05
0.2530999055136474,7.242022334607316,0.06314455888146533
0.25342542805964285,0.17711210643450886,0.00014521978689370328
0.25352946479793853,1.377650769549055,0.0978031247298758
0.25379217799105114,0.11969557023590428,0.0945662252098878
0.25379814949864593,0.06573820143409585,0.33408842472054806
0.2538484613829402,0.00030937875717301365,1.0696294537711807e-05
0.2543373968254291,0.0009353431520292386,0.0010228054696858621
0.25465173428537213,0.0002663332725174981,0.007083566090204179
0.25491625087125513,1.3308347246540762,0.16203277892474294
0.25547900111049476,0.002549214654451423,0.05612774126196663
0.2557349544100568,0.008850074914473439,0.002807329193224956
0.2557798546114866,0.006868103588995308,0.36341522720068653
0.25582560474438076,0.0010023075482838654,0.03221086593982768
0.25594303518358175,0.730909932860291,0.49198652768630874
0.25614383084957454,0.0008335293965098195,1.8954697448727273e-05
0.2562612341974667,0.2105345242766706,0.06105472184509472
0.2563410006086566,0.002406475150015424,3.415927922990936e-05
0.2565045843091089,0.4014242490499322,0.001170199069720583
0.2566598007283744,8.22081575524054,0.00013350087230874118
0.25707921580026405,0.29071233772725785,0.0013388331440928804
0.2572589245544571,0.12390621569479157,0.49198652768630874
0.25733748276156965,9.885417021919574,0.07224414246015122
0.2575236365880546,0.0007175560918936928,0.048239469189883775
0.2576923774987983,0.004281851798652416,0.00013127310723037297
0.25775944472964896,0.014195547660501016,0.07103858496149175
0.2580046308636722,0.04871780218794631,3.415927922990936e-05
0.2582072684411303,4.838209664925957,0.012137207504533542
0.25821731648659635,1.5819734815786015,0.10819389614878151
0.2583144876339392,0.00019966424501097934,0.0001633744593687574
0.2585919047871808,0.25316484786313553,0.15667012997285734
0.2595430502519462,0.008258799387844271,0.01787353926122543
0.259679960815541,0.053422932995383525,0.00040535397248711477
0.2597956868636889,0.00034716868189265597,0.0015577634158617406
0.2599189913947353,0.1267952846786434,0.003321824816145315
0.2600700893784064,3.195247505759214,0.005691720324741482
0.26009133102995063,2.782559402207126,0.004134139466227978
0.2606240685414032,0.0318055201533292,0.0013615537590543137
0.2606928699423034,0.001368157627967472,0.0450992341504868
0.26108917811990884,0.00037633583622865327,0.04989065400051407
0.2612203424279821,0.00027254325312810277,0.13240452279164086
0.26160002410760297,0.0003315282342319423,0.0428789509858965
0.2616283274135734,0.2033800305846982,9.534926217234888e-05
0.26166030329622547,0.34557199367621394,0.006734834613237994
0.2620240604656539,0.004483855948021191,7.923656043752495e-05
0.26264915296257396,0.00039865810735804387,0.012982314633381687
0.2631183167262424,0.11562801312073753,0.11379620405527817
0.26314204721121814,0.06350425168595962,0.02722193652489647
0.2632213340372985,0.6899837121430018,0.0003149266101375144
0.26358032278922267,0.005031548945038057,0.3071282301295015
0.2638422346768143,1.2856096069432965,0.2969634912888283
0.2639846160871517,0.007978144572076629,0.49198652768630874
0.2639992931710348,0.00034716868189265597,0.052474004959453695
0.26427619454697493,1.0940547072057436,0.0032118854539566095
0.26427988016538884,0.00025728259674479324,0.0014563580035773618
0.2643950557713079,0.0012052609368708425,0.00290342103254528
0.2646867392037314,0.1006938631476027,0.03563300348512766
0.2647164355108597,0.00025728259674479324,0.0001661469991749516
0.26474078582843913,0.7923168624866254,0.00012908251746897884
0.2648984995960787,0.01706994934038408,0.517461717249283
0.26519383484853165,0.0005831305113526219,0.00083578193882199
0.2652265784079809,0.11562801312073753,3.974511366956951e-05
0.26536053039250923,0.0013065201621247212,0.1258861076032816
0.26547044761271077,8.911482322840202,5.7552896660959736e-05
0.26558190831821016,0.00017793043899185773,0.0036134197743908796
0.26575967701553005,0.002119953457536071,5.380638730360886e-05
0.26623974672767103,0.0058447611316336376,2.3196203849683867e-05
0.2667758775258138,0.0009682466119303124,0.004891797907229407
0.2669058329439381,1.3936192742241436,3.653777118390518e-05
0.267018927409737,0.6008675891719687,0.03563300348512766
0.26753184107206734,0.00030583380323784314,0.05336451298685678
0.2675963814659992,0.0037288213071828336,0.00040535397248711477
0.26761384052386183,0.018504070195423022,1.2033493332604736e-05
0.26802046541633323,0.0004793808495089107,0.00541151089208433
0.26826760086100426,0.009817298406188842,0.007203777468596996
0.2682760445369946,0.17916503273639015,0.0004484194725260147
0.2686228393880513,0.22560740664968615,6.156027341841157e-05
0.26870169880999384,0.04546295469532399,0.00017475013373476574
0.26870504578291055,0.0006931717276155408,0.00013807046265175272
0.2689971912397601,0.0003895745615775501,0.0018432527204080458
0.2690570002907115,0.3187891292677646,0.00016064818568241535
0.26915102287700876,7.077010661181889,0.0003985897213727379
0.2695177675942044,8.708431497690723,3.974511366956951e-05
0.26975787407199375,0.023033628731421313,1.2237707255644639e-05
0.27018798786598086,0.00044222739805058973,0.3695825509518042
0.27041378325172566,0.00035938136638046257,0.00011473847106197412
0.27050557945602216,0.0001906690840512252,0.000539605273285193
0.2705759412724412,0.00013968351179887396,2.061857032494131e-05
0.27063610247900943,0.8890965989529158,3.473897792811324e-05
0.2708385625845244,0.008549327066268384,5.2908505600252524e-05
0.27207082051948595,1.2708787092020595,1.3537862226522035e-05
0.2722785398012116,0.00020431973201952706,0.0570802548768967
0.2723198834657168,0.0001288576213185518,0.0400876685236356
0.2724901585642644,0.00036776091016010306,0.008668660813793009
0.27317137618349674,0.00025433457613046484,0.00015533136133187895
0.27378722321396187,0.004184288507901585,0.16757898554512696
0.27378777876885374,0.0005568596444286409,0.0004263433059507287
0.274249382876475,0.00025433457613046484,0.20507825672991722
0.2744501528344946,0.0005317723177850966,0.38223296159383524
0.27466514600177294,0.0002920555512182745,0.36341522720068653
0.2749345030201885,0.03487727474814178,0.007969119120365197
0.2749831640414485,0.0010495932305582276,0.4447369162725586
0.2751882377365663,0.00039865810735804387,0.014121922440227008
0.2760519902300598,0.0007012063589007184,0.0007183199640813767
0.27648205508775936,0.0010256779307444219,0.0005217464568628755
0.2765354879459581,0.016489869444710648,0.5442560187121724
0.2775812506253862,1.2563166024741215,0.0570802548768967
0.27806204737995976,0.0001084014359178331,0.0001227276481285598
0.2789315068038825,0.09839952296278226,0.5003357656112086
0.27912767564198226,0.00019737643263002553,1.4480496178584236e-05
0.2791887781473059,0.00014796880626863964,0.0003368547779793991
0.2794263570980216,0.00018632463119315598,0.00021028545691690874
0.27957111563994574,0.00037633583622865327,0.0001002864716117077
0.2805361891546908,0.0002757023325609583,0.0025807839563051797
0.28106661126513066,0.00018207916800994624,0.014853159234149484
0.28120960652611876,0.0007342870447166766,0.357350819245114
0.2817501142067536,0.0001303512244681509,0.10461310288193171
0.28201970187585124,0.00019511483468466164,0.002537717718060883
0.28224710078113163,0.00029544079988803797,0.00143205536460682
0.28294902783498144,0.00038511070023255687,0.036852682621317606
0.28307171706679907,0.488302208687788,0.007450354973181199
0.2832212353333935,1.5107033044866556,0.5088266939483529
0.28328302686632995,0.0003277294849923382,2.2809122537079917e-05
0.2833675140040607,0.0001288576213185518,0.001782248290719484
0.2833812854695891,0.00011750871309048076,6.474788028695254e-05
0.28354147506783833,0.0006394488428556943,0.026320997280736873
0.28369012291909124,0.0016642601764859037,0.31764089697725223
0.2845540853076577,0.00026942037136818824,2.7913136436691113e-05
0.28460446035689513,0.0002757023325609583,0.003435527283691209
0.28581580316586475,2.9817722900196735,0.5262432808718863
0.28591574433601213,0.0002757023325609583,0.0048101671556118565
0.2861819484839134,4.894289896114532,0.0002846815543982346
0.28662210947129146,0.0005898896425508494,0.00010547933103191321
0.28777632268554265,0.005391774640387505,0.5088266939483529
0.2883711446764368,0.0001216424293857368,0.22686612183702562
0.2884001720897764,4.262158829015325,0.5442560187121724
0.2884876476187569,0.0001023316578330245,0.0004716387487123992
0.28969290519549296,0.06134621717992506,0.038760924052434094
0.28987914129753306,0.00017793043899185773,0.0002446720064544544
0.2900259909370836,0.00017589165903277327,0.0048101671556118565
0.29017164868796985,0.0006696160054853222,0.024196951201880205
0.29026343311903624,1.1195643194838794,0.0034938297636877952
0.29030272585776096,0.0003720236681413066,9.375814330666476e-05
0.290702527356336,0.0001216424293857368,0.1416237773904564
0.29076545652916425,8.510007247122246,0.0016384248081562983
0.2908007663016451,0.001368157627967472,0.4373154713486488
0.29105635067303304,0.000263281546564802,0.0022557187190524286
0.2916520491489506,0.006263207452198692,0.5628853130697498
0.29187176818046706,0.01726780903884356,0.6122962629078815
0.29187558265803065,0.18546769230846993,0.048239469189883775
0.2920965949647374,4.361537789208006,0.0945662252098878
0.2936066729077134,0.00013808297652180923,2.9856712879818355e-05
0.29404593448817107,0.0005898896425508494,0.00290342103254528
0.29510528326166235,0.0001622595287078087,0.13240452279164086
0.29528935999678907,0.00022148552337263592,0.11189725609290894
0.2954123074214941,0.00023734242500238661,1.2237707255644639e-05
0.2955239121118774,0.008258799387844271,0.5351738716729025
0.2966972883865701,0.00019287915080207777,1.5488765217834727e-05
0.2969837712275298,0.027066520700332414,0.5628853130697498
0.2978098482460775,0.5479472336900287,1.8954697448727273e-05
0.29967761870323156,0.00026026478819690045,0.017281995271041708
0.3008839679692401,0.00039865810735804387,2.3196203849683867e-05
0.3010595746082568,0.0005379361503980698,0.003266392629119965
0.30177864569271173,0.1633853877809862,0.5442560187121724
0.30194150948209114,0.0007342870447166766,0.0914364543581447
0.3029451813041284,0.0058447611316336376,0.0013388331440928804
0.303112656668706,0.0001023316578330245,0.0011900578867872621
0.304602288238513,0.000209083769055575,0.21209786345838388
0.3048275145145876,0.00014459729217920195,0.17625626872930192
0.3049440345980904,0.0005898896425508494,2.439730928033672e-05
0.3059369020391415,0.001867545842761076,0.21209786345838388
0.31048893221011825,0.0031732296347349765,0.6020787099546164
0.3109852776686557,0.00026026478819690045,0.010257355169995059
0.3129154756713245,0.0001084014359178331,4.547266945722701e-05
0.31643779490236656,0.00016604286571875296,2.1324321667341988e-05
0.3186068230645025,0.00021395888713434216,0.0005306007344897603
0.3198041013954249,0.000823978568452852,0.517461717249283
0.32210597755131387,0.00016414029711444664,0.00011473847106197412
0.32490429090880923,0.0004684580115873045,0.3071282301295015
0.32602739030424044,0.0014162866162991988,0.5351738716729025
0.32675831549078194,0.6078323128297229,0.688842567984948
0.3303909202387304,0.0023516428844943486,0.6549301172402912
0.3327628547947875,0.001061759183483,0.5088266939483529
0.3335670749407325,0.00012738113231864785,0.5262432808718863
0.33722397309672575,0.00018418966807997109,0.5628853130697498
0.3420190075212906,0.00017188391428171455,0.5920316600644552
0.3456756060566023,0.0001288576213185518,0.007836136279319419
0.3518926160220813,0.009483681866285927,0.7493102419191878
0.35196372974566315,0.0004371602248248502,0.5262432808718863
0.3567786944035828,0.00011483124145435111,0.6332545011699885
0.358782255129812,0.18546769230846993,0.8289182449061198
0.36779799637727606,0.04242556430717777,0.8014843047691722
0.37029285000668505,0.04391800892596086,0.8014843047691722
0.3703767437226365,0.004804870439655134,0.7124209034076535
0.3757891361065712,0.1006938631476027,0.8429853692226301
0.3758052870189513,0.000263281546564802,0.700532543562028
0.3766931628856144,0.07292272058728312,0.8150858624887702
0.3792800619498311,4.673795107992464,0.8150858624887702
0.3813607867390948,0.0005196557243827657,0.7881097199133082
0.3832033940112324,7.583677914997191,0.7881097199133082
0.3928857044485741,0.25906778586880086,0.9169839384263285
0.3937884996045475,0.04546295469532399,0.9325455781143865
0.39449916417412406,0.00014130259905995336,0.8014843047691722
0.40806537037617696,0.040983836717572615,1.0144058820023862
0.4141599082078212,0.08768856094587427,0.9808330291758998
0.4349998808602894,6.162966255132942,0.9644656037627176
0.44920366641493314,0.017670435260889468,0.9644656037627176
0.4686808545465994,3.585539857459817,1.0669320807569238
0.47561564747344,0.0004684580115873045,0.9644656037627176
0.5414841259870593,0.17508270317357252,1.12217809965895
0.5418369448587872,0.00015494950393146316,1.0850384094684828
0.543022587921082,0.018935521797562953,1.1034520109158856
0.5947467416850949,0.003065395295056527,1.160589041240524
0.5954245110832216,0.00010471768194855202,1.2206846417630717
0.6059810245424369,0.052205675278469754,1.1412219787509776
0.6252846716970534,0.02250880052095462,2.4748774039004973
0.6280989833460839,0.007192118872221193,1.2206846417630717
0.6321622735116647,0.006789406812696112,4.385682560276694
0.6331596368980191,0.6820776732865685,24.819672250872408
0.6403056609765295,0.0018891927762076663,53.824450606119925
0.6413413165157926,5.49211648388779,1.8591393315747868
0.6422911023351257,0.00021150728248687948,35.34037448961509
0.6483406844344823,0.11430311291144786,2.02233747890885
0.6526496807759632,0.46096044868284336,158.0204371818279
0.6534253708564884,0.0001216424293857368,35.940116918247185
0.6535001044245525,0.6220048825634712,131.3171768281715
0.6535341630211295,0.8201889499202203,118.70568194382798
0.6546446209705626,0.11430311291144786,10.699885382844947
0.6557652393751401,0.00034716868189265597,1.2838920080130514
0.6575604492796344,3.798215306190736,92.22452610803026
0.6602198652933505,0.0002757023325609583,1.3056802465959036
0.6611664274968033,0.029004304938639917,10.173118668818162
0.6647093416337908,0.00025728259674479324,6.350685955457018
0.6655975458416268,0.06650018030431118,8.454002829963024
0.6667026387300746,0.0006036438506075864,1.4689100497868923
0.6687418176601206,0.000209083769055575,13.094206498420789
0.6690721809334714,4.838209664925957,1.4689100497868923
0.6725088832602539,0.0070282442643083524,1.7976091174166418
0.6725908773650369,0.0003895745615775501,1.3503722680241028
0.673287166468176,0.3746050032748993,10.003357092608548
0.6738973943311611,1.6952323415541215,131.3171768281715
0.6743906430167033,0.4252346334528682,2.6472017656847266
0.6745093319040464,0.9310413487069076,7.90367430529969
0.6749244033217169,0.0046953900106800625,2.313770806492706
0.6757454570666014,0.006050367879391224,174.80879897299627
0.6766682582864838,0.003949995461220643,70.4551946287461
0.6778366475525727,0.03610418597173337,8.454002829963024
0.6789277334389867,9.660174799522645,2.559589778354847
0.6794234914270358,3.9318287557057703,43.98246295791502
0.6804912560951276,0.019828839491270712,1.24140022223492
0.6812833657444081,0.0004473533054498463,65.86878697136002
0.6820784748897213,2.8148123605075814,12.875699941409955
0.6825393764894775,0.0011509622008850323,2.1631517329062597
0.6825704738909621,0.27443433032283654,12.449564814592994
0.682914617391501,0.0061204983724767025,1.3056802465959036
0.6829487865459208,0.005981040962380944,95.3812718026758
0.6832632711962235,0.0023516428844943486,1.7976091174166418
0.6836937110961596,0.005391774640387505,12.875699941409955
0.6840875345009557,0.021494746734379806,44.72886560736494
0.6848194925398752,0.09077326525210223,3.9644885130907928
0.6849511374897774,0.001722805447131394,5.189440981706574
0.6852487738145272,0.0037720424934169976,193.3807850640193
0.6853796820872768,0.000209083769055575,52.926267475560515
0.6861087544906626,0.488302208687788,37.170308214799206
0.6865511795760388,8.316104153230961,42.52681607925377
0.687437569008693,8.510007247122246,3.4651373775781993
0.6880069548744462,0.003686095362172158,103.75398845935509
0.6882584665980137,0.001867545842761076,33.60053034397427
0.6886969228105405,0.0001259215613694151,29.368341771429236
0.6890693394662167,0.01101645949633657,120.72017202803272
0.6891600753210456,0.004641588833612782,1.5711894541925515
0.6898341766734223,0.41078408899656466,4.691055241362553
0.690160530077312,1.5819734815786015,1.396594048966197
0.6905404506149834,0.00010351779556301762,98.6460694852384
0.690913048331092,2.0151357338155584,2.516877213076773
0.6910754125879409,0.0005967271195973311,1.3503722680241028
0.6919273962334532,0.0024343688735431104,1.3278382416205599
0.6919306353648421,0.0020479120966650855,12.037533087756925
0.6923855056314598,0.02584713507469564,72.86679967238905
0.6940523872752251,0.00023193450592744275,193.3807850640193
0.6944593601976938,4.41209286319119,7.514568030459047
0.6946017771655975,0.006191441755977848,6.458460020486372
0.6946581760087873,0.1596626022101425,3.833279505193912
0.6955611578135013,0.3376980310825091,9.51088120559032
0.6959191638742724,5.751217071841614,3.583745278964562
0.6959833111617424,0.0016835508029612023,163.4293056877546
0.6965049662416734,0.0005568596444286409,1.7381153118213415
0.6970491236284475,0.5172657387216019,1.3056802465959036
0.6985953105140357,0.0006543586018883235,140.46072012149062
0.6988860209702723,0.008354528058382871,6.140503178806598
0.6992243539895611,0.34557199367621394,8.597471150888557
0.699375365029757,0.2502640096417919,8.89175328152933
0.6996038725260152,0.31513634848664795,133.5456897879077
0.6996347779786641,0.06963744730628223,6.350685955457018
0.6996480128313618,0.0057115864781264345,58.5492447466172
0.7000866669468024,0.0004174655289253135,21.33148043960716
0.7001666710903194,0.643885742724042,92.22452610803026
0.700852465857978,0.02250880052095462,3.350454932153746
0.7009588649749438,0.044427067496068826,2.4748774039004973
0.701546299301263,0.040983836717572615,29.368341771429236
0.702604595735633,0.07548799281653432,2.4748774039004973
0.7033167576573657,0.03330600343624589,1.5978532627318605
0.7034254047426438,0.0022199661191199547,9.51088120559032
0.70360759402921,0.012796968682159416,183.86044376509145
0.7037783572443163,0.0015002933220192183,124.85229283567982
0.7038504247517665,0.22302232979659387,174.80879897299627
0.7042288657130685,0.0006773775997517752,163.4293056877546
0.7045379266646916,0.000823978568452852,6.5680630610271
0.7046207068791785,0.00010351779556301762,57.572217701357836
0.7054176339319845,0.0005898896425508494,107.3053751695206
0.705625943955688,0.5293266058360562,3.028682516254408
0.7057051713024024,0.0009908228099003798,24.819672250872408
0.706156861993832,5.366976945540476,1.8906897821284945
0.7064314622794183,0.001589282865622978,4.851624984157102
0.7075115315345163,0.012505385872903913,56.611494570031205
0.7078408838857617,8.126619200091946,1.9554060466789147
0.7080351121229198,0.0008829699955494092,2.516877213076773
0.7080636707882222,0.0007012063589007184,23.998238524526805
0.7082538975085185,0.7566218500481054,29.866736054830792
0.7083468606267986,4.727969591600391,140.46072012149062
0.7085515294263,0.033692057059802674,2.6472017656847266
0.7086243853713111,0.13744790926775366,2.9284450135147337
0.7090327107543397,0.0012052609368708425,3.5239423545029136
0.7091154670656572,0.00010351779556301762,6.244710345331184
0.7099742894769134,0.01706994934038408,2.7378126164999923
0.7100167602530181,0.010642092440647247,183.86044376509145
0.7100603702852104,0.002298059988758851,3.2395680255075274
0.7100857753895217,0.003859993617679767,158.0204371818279
0.7104026558525278,0.0001514189325304352,18.64465237981841
0.7104857543661677,0.001291549665014884,70.4551946287461
0.7104990496646298,0.0018891927762076663,40.43317578661975
0.7105398371553273,5.244688749495119,3.9644885130907928
0.710553672874452,0.00024853948574297984,11.25392821347274
0.7106900357575014,0.0004905583706365045,3.7064130004210707
0.7107129096122121,0.004088948226294864,11.639137993722713
0.7108064040649034,0.34161232685855286,1.5711894541925515
0.7115432280097742,5.429186177618943,177.77538478756176
0.7117726213134268,0.03780746663599349,8.037803297746288
0.7121269540290855,0.0837380653526649,3.583745278964562
0.7124316227824364,1.8376562003881725,9.672285239221832
0.7124995713442817,1.056875971184805,20.97551626970006
0.7125294832915838,0.011144152514667882,15.235412966116321
0.7126323658254423,0.0001216424293857368,31.946340572256688
0.7127926336017069,1.0940547072057436,77.94047513163156
0.712825312781732,3.7116718194757667,75.3609513460879
0.7128903848265551,0.00022664980792736928,2.353036562524571
0.7131892923062326,0.0074451229107951435,109.12639679814984
0.7132077817856062,0.00010471768194855202,1.396594048966197
0.7132268091029951,0.000823978568452852,12.660839662274949
0.7135012923285355,0.02412028207618007,21.693485485392042
0.7137146400368992,0.6365079081295572,18.33352403472405
0.7137205889473229,0.0006177187597338488,81.9762530785279
0.713916501241916,1.30051125217341,54.73787631800038
0.7143279396067876,0.005148867450137497,2.9284450135147337
0.7143633182570908,0.0007959777002314986,4.312497492017376
0.7144901184642284,0.0004905583706365045,22.06163392350001
0.7145806025584592,1.3936192742241436,3.7693125357680723
0.7146442736972267,0.2776153294436801,23.998238524526805
0.7147331612931558,8.033501977124734,2.6472017656847266
0.7147432520656638,0.3044272212064303,26.998381753699253
0.7152567751235447,0.02029118018046678,13.542407012243654
0.7154377142596317,0.004916903577628032,5.644978196981667
0.7162176232263303,0.0021945290862033138,33.60053034397427
0.7163985994740131,0.03330600343624589,92.22452610803026
0.7164357639715587,0.0007258733650817253,6.5680630610271
0.7165425613782346,9.119267598459299,7.265865325735758
0.7167883019982939,1.528214036025871,81.9762530785279
0.7168598050785361,1.3155856240457051,24.819672250872408
0.7169074622655138,1.1325413151528128,77.94047513163156
0.7172651193042742,0.14728827239075018,29.368341771429236
0.7173770448408687,0.006789406812696112,44.72886560736494
0.7175159532973645,0.003520031472796679,3.350454932153746
0.717532695093648,0.20573743134329137,2.879577261400406
0.7176139031173037,0.00012024861420374123,15.49396493975759
0.717739714390976,6.162966255132942,1.6805905176590183
0.7178882370297218,0.049853734638738934,200.0
0.7181537899307379,0.04871780218794631,2.7378126164999923
0.7182071095104373,0.7393819919175866,1.8591393315747868
0.7182946198688601,0.0012476595526308698,17.430945187684546
0.7186792904185474,0.007359814475265771,2.3929686765174005
0.7187161735905923,0.14560059950206486,4.7706646089466025
0.7187999913167086,0.001911090621689138,20.97551626970006
0.7189850090619474,0.27443433032283654,20.97551626970006
0.7190609719989389,0.03610418597173337,1.6249695683802345
0.7192497500626687,0.16719497597319902,33.60053034397427
0.7193413975165094,0.008549327066268384,23.998238524526805
0.7193603817217057,0.00039865810735804387,10.521333508342435
0.7196277190146356,0.060643293954080614,129.1258516655076
0.7197393433442894,0.0038157646612712484,76.63986139265812
0.7198592525259757,0.0020479120966650855,2.353036562524571
0.7200205291321227,0.0007093341204987997,3.7064130004210707
0.720132054476338,1.5638467583022477,7.514568030459047
0.7204639356227845,3.2322839781813806,1.9227756583564528
0.7207539562158424,0.055302242561929005,1.7091109126223754
0.7207789042064648,0.0026694784940343207,5.458151577007934
0.7209900891808884,0.000320262069365765,62.625996677039325
0.7213251889141933,0.0015530705739334601,1.9227756583564528
0.7216659056271563,0.17711210643450886,90.6855505561897
0.7218268189676962,3.6271002523306484,69.27948978525579
0.7223700896929369,0.00026026478819690045,8.454002829963024
0.7225110929381232,0.04051423171114647,23.20399103013288
0.7226805553389075,0.002245697995539774,5.017690855429051
0.7229783368176296,0.000146273335620113,92.22452610803026
0.7232162957061461,0.17109339072690152,4.385682560276694
0.7232494030262038,0.02555097090352507,5.189440981706574
0.7235768249207848,0.021995930680300747,4.5357997267668555
0.7237150180032119,0.0001084014359178331,5.458151577007934
0.7244705785464461,0.00012024861420374123,14.005948944472845
0.7246020866623563,0.023300614106969247,8.743374195284519
0.7251621758068534,0.5172657387216019,166.202776261238
0.7252323386516665,0.3115254223555488,48.65523512443231
0.7254653016088224,0.054668572997201806,26.104841294942222
0.7255641487621428,0.0009794696670695395,19.94286934077871
0.7255650680582794,0.0037288213071828336,7.771783559541701
0.7263060350484921,1.377650769549055,102.02261765829664
0.726413391433063,6.836516004510239,2.127054636262312
0.7270908795855192,0.0015352750287804227,47.843312087410304
0.7271383442515879,0.0005898896425508494,14.243636347522962
0.7273954238915397,0.1633853877809862,62.625996677039325
0.7276742248078133,6.379766808606282,12.875699941409955
0.7277410842855947,0.00937501501514529,87.68421480259387
0.7281272076273917,0.0057115864781264345,109.12639679814984
0.7283132113483647,0.19421746814890264,150.2409233398564
0.7284054274543716,0.002169383518385184,1.396594048966197
0.7285558953420337,0.643885742724042,12.660839662274949
0.7290040801317665,0.7653919388230148,44.72886560736494
0.7290642561841139,0.45045732517594583,92.22452610803026
0.7296023398562297,0.006050367879391224,4.169770752964672
0.7302188081546097,0.03694601205199302,96.99993590635597
0.7306893850203092,0.2129748535745521,2.4748774039004973
0.7307398665903879,1.8165997883753287,41.11934539839618
0.730755060074064,0.16151326935030913,83.36742784171335
0.7313153030262528,0.16151326935030913,174.80879897299627
0.7320822806106257,0.0008431909292866259,3.8983320235464323
0.7325798847614706,0.024682684522556925,5.277508184801046
0.7328392572733032,0.0034796979038876916,8.454002829963024
0.7331884894688483,3.8867766908926678,7.514568030459047
0.7332097366710932,0.0008829699955494092,4.312497492017376
0.7333302182986506,0.000320262069365765,171.89171737638367
0.7333946339029497,0.5672228971644544,61.58093977229888
0.7342031843065856,0.00011750871309048076,55.66680328482603
0.7343526797264767,4.514967772036102,1.3278382416205599
0.7350458507583255,0.08768856094587427,10.699885382844947
0.735651159066653,0.00034319071974590426,2.127054636262312
0.7361928141899706,0.001368157627967472,10.881467364877372
0.7363204003274477,0.008258799387844271,25.669222764460113
0.7365622095142406,0.1267952846786434,4.5357997267668555
0.7367004757780563,0.8107909806731687,55.66680328482603
0.7368100110603713,0.021995930680300747,3.407313695170603
0.7372996713448667,0.07548799281653432,5.458151577007934
0.7373975338411384,2.3679600678330788,13.772227895251953
0.7375550239357932,3.0163343472591975,28.878264327915144
0.7379720902667226,2.0151357338155584,13.542407012243654
0.7382918159420817,0.016300923609797412,24.819672250872408
0.7383742251743165,1.346260579298911,7.514568030459047
0.7385612285163627,0.01208042134677329,13.542407012243654
0.7389814124596705,0.007531420165974375,9.51088120559032
0.7390419045450303,0.0061204983724767025,152.7905809919068
0.7394055733529974,0.0001906690840512252,17.72675635412498
0.7395575438843631,0.002827817979625341,2.433578456872632
0.7396233689824664,8.412497049736118,18.961060716197508
0.7397023688729323,0.0037720424934169976,140.46072012149062
0.7400352638140111,0.07044462277299036,1.493838129735795
0.7400570353437356,0.00010715933998226712,20.97551626970006
0.7403088349623475,0.0015176833902834053,200.0
0.7404311947456462,0.00014796880626863964,53.824450606119925
0.7405304817826549,1.2276910479883605,3.028682516254408
0.741266354700055,0.0022199661191199547,6.038034945387724
0.7420619891721632,0.018082449348779516,8.174208520958452
0.7421701172416074,0.010765446128423159,5.838199689915305
0.7424411228956059,0.00017793043899185773,2.127054636262312
0.7424510567018954,3.0163343472591975,1.6805905176590183
0.742725520703275,0.0033229325163989716,5.277508184801046
0.7430050479980574,0.4301635758106795,1.9227756583564528
0.7431433491504119,0.10790287915161836,14.005948944472845
0.743246249253555,0.04928249570040513,5.838199689915305
0.7433019057129261,0.0038157646612712484,4.312497492017376
0.7435354034349403,0.0016451905877536625,3.0800806532036287
0.7435770417042573,0.0897331581458352,84.78221148123852
0.7436928615116492,0.45045732517594583,13.094206498420789
0.7440657094529233,0.012220446866314887,6.679526115635822
0.7443319450301871,8.911482322840202,150.2409233398564
0.7448421056291288,0.04145888496832911,2.199861413902259
0.7448651993721441,0.0006394488428556943,35.940116918247185
0.7453133533808345,0.0015002933220192183,51.17461577466071
0.7457533834059424,0.03447764054734464,2.127054636262312
0.7458876310092917,0.010890229622637306,19.610077298962658
0.746245662570631,0.00015317404637020797,1.3732887072321844
0.74659502990107,0.13431611700460153,76.63986139265812
0.7467743586546143,0.04706224849841281,180.79231492945414
0.7471989362533218,0.04494202662119142,160.70211676608844
0.7472769186288576,0.0009571521538991865,57.572217701357836
0.7473011764572928,0.5416686911033152,60.55332201411251
0.7475104606015102,0.0002663332725174981,5.740776076385232
0.7475263361168184,0.0016451905877536625,3.2395680255075274
0.7476237870910153,0.0009353431520292386,33.60053034397427
0.7476793281646502,0.0059125084138318814,3.407313695170603
0.7480288608020972,0.024399862972595502,5.550778922640583
0.7485892380083612,0.0046953900106800625,26.104841294942222
0.7486842104356958,0.004641588833612782,5.458151577007934
0.7488142886967585,1.056875971184805,29.866736054830792
0.7490468580352101,0.39227767589277196,3.7693125357680723
0.7491530396272041,0.0077963601304052365,13.316421212322016
0.7494112572145677,0.5293266058360562,1.7091109126223754
0.7495902419839864,0.004641588833612782,12.037533087756925
0.7496256508609176,0.00010115911122238297,12.875699941409955
0.7501739272171959,0.006191441755977848,5.367069928885225
0.7513474492744902,2.1102034285685964,103.75398845935509
0.7515626706625278,1.5638467583022477,21.33148043960716
0.7525976309251894,0.0939664831495469,152.7905809919068
0.7527440897352253,0.009483681866285927,71.65085172481925
0.7533580806778517,0.0014162866162991988,45.487935053479674
0.7537010101861341,0.013247139878661175,107.3053751695206
0.7539630361920185,0.0002514203348142797,41.81715962445207
0.7558632092388805,0.00017999285067824765,25.669222764460113
0.7559744775769106,0.0013369837418249467,2.3929686765174005
0.7563038661890347,0.08277856966198473,17.72675635412498
0.7563793257348006,0.051607487103859075,25.669222764460113
0.7577751384103323,0.0017629753752872058,9.352170564619199
0.7579911691298056,2.6267541037238384,169.0233139074814
0.7630956227070105,0.00020197857568198785,18.64465237981841
